USE Lavrinc_HealthcareDB
GO

/* Populating tables that have a Primary Key and no Foreign Keys.
Tables: INS_INFO, PATIENT_INFO, PHYS_INFO */

INSERT INTO INS_INFO VALUES (/*Insurance_Code,*/'UPMC Health Plan', 'PO Box 2999', NULL, 'Pittsburgh', 'PA', '15230-2999', '844 220 4785')

INSERT INTO INS_INFO VALUES (/*Insurance_Code,*/'UPMC for Life MC', 'PO Box 2997', NULL, 'Pittsburgh', 'PA', '15230-2999', '844 220 4785')

INSERT INTO INS_INFO VALUES (/*Insurance_Code,*/'UPMC for You MA', 'PO Box 2995', NULL, 'Pittsburgh', 'PA', '15230-2999', '844 220 4785')

INSERT INTO INS_INFO VALUES (/*Insurance_Code,*/'UPMC Community HealthChoices', 'PO Box 106042', NULL, 'Pittsburgh', 'PA', '15230-2999', '844 220 4785')

INSERT INTO INS_INFO VALUES (/*Insurance_Code,*/'Keystone Blue', 'Claims Processing', 'PO Box 898819', 'Camp Hill', 'PA', '17089-8819', '412 544 7000')

INSERT INTO INS_INFO VALUES (/*Insurance_Code,*/'Highmark BCBS', 'Claims Processing', 'PO Box 890062', 'Camp Hill', 'PA', '17089-0062', '800 241 5704')

INSERT INTO INS_INFO VALUES (/*Insurance_Code,*/'Medicare Part B', 'Novitas Solutions', 'PO Box 3418', 'Mechanicsburg', 'PA', '17055-1854', '877 235 8073')

INSERT INTO INS_INFO VALUES (/*Insurance_Code,*/'Medicaid', 'Claims Processing', 'PO Box 8042', 'Harrisburg', 'PA', '17105', '800 537 8862')

INSERT INTO INS_INFO VALUES (/*Insurance_Code,*/'Aetna', 'Claims Processing', 'PO Box 981106', 'El Paso', 'TX', '79998-1106', '800 784 3991')

INSERT INTO INS_INFO VALUES (/*Insurance_Code,*/'United Healthcare', 'PO Box 30555', NULL, 'Salt Lake City', 'UT', '84130-0555', '866 414 1959')

INSERT INTO INS_INFO VALUES (/*Insurance_Code,*/'Kaiser Permanente', 'Claims Processing', 'PO Box 373150', 'Denver', 'CO', '80237-6970', '800 632 9700')

INSERT INTO INS_INFO VALUES (/*Insurance_Code,*/'Humana', 'PO Box 14601', NULL, 'Lexington', 'KY', '40512', '800 457 4708')

INSERT INTO INS_INFO VALUES (/*Insurance_Code,*/'Cigna', 'PO Box 182223', NULL, 'Chattanooga', 'TN', '37422-7223', '800 244 6224')

INSERT INTO PATIENT_INFO VALUES (/*Patient_ID,*/'Jones', 'James', 'R', '1964-08-16', '123 Rose Lane', NULL, 'Pittsburgh', 'PA', '15227', '555 638 9576')

INSERT INTO PATIENT_INFO VALUES (/*Patient_ID,*/'Robinson', 'Robert', 'M', '1982-04-10', '487 Roady Road', 'Apt #6', 'Pittsburgh', 'PA', '15237', '555 544 8764')

INSERT INTO PATIENT_INFO VALUES (/*Patient_ID,*/'Miller', 'Michael', 'K', '1973-01-27', '8762 Ventura Street', NULL, 'Pittsburgh', 'PA', '15005', '555 876 8742')

INSERT INTO PATIENT_INFO VALUES (/*Patient_ID,*/'Tabb', 'Candice', 'Diana', '1960-03-31', '2188 Wetzel Lane', NULL, 'Grand Rapids', 'MI', '49503', '555 225 0915')

INSERT INTO PATIENT_INFO VALUES (/*Patient_ID,*/'Preston', 'Melanie', 'M', '1959-12-31', '3783 Coventry Court', NULL, 'Pass Christian', 'MS', '39571', '555 255 1656')

INSERT INTO PATIENT_INFO VALUES (/*Patient_ID,*/'Elliot', 'Rodney', 'Jacob', '1974-09-04', '4741 Mayo Street', NULL, 'Winchester', 'KY', '40391', '555 691 2471')

INSERT INTO PATIENT_INFO VALUES (/*Patient_ID,*/'Manning', 'Leah', 'J', '1972-03-28', '1273 Eagles Nest Drive', NULL, 'Oroville', 'CA', '95966', '555 589 7373')

INSERT INTO PATIENT_INFO VALUES (/*Patient_ID,*/'Hendrickson', 'Kelli', 'A', '1961-05-15', '544 Tibbs Avenue', NULL, 'Wise River', 'MT', '59762', '555 832 7796')

INSERT INTO PATIENT_INFO VALUES (/*Patient_ID,*/'McDonnell', 'Jonathan', 'B', '1982-07-26', '684 Parkview Drive', NULL, 'Anaheim', 'CA', '92801', '555 249 5242')

INSERT INTO PATIENT_INFO VALUES (/*Patient_ID,*/'Kent', 'Kenneth', 'J', '1976-01-09', '4239 Broadcast Drive', NULL, 'Clover', 'NC', '29710', '555 228 9949')

INSERT INTO PATIENT_INFO VALUES (/*Patient_ID,*/'Rogers', 'Edna', 'O', '1943-08-26', '4984 Drainer Avenue', '#5b', 'Pensacola', 'FL', '32514', '555 602 7660')

INSERT INTO PATIENT_INFO VALUES (/*Patient_ID,*/'Mendoza', 'Charles', 'Alan', '1966-10-07', '2869 47th Avenue', NULL, 'Newbrook', 'AB', 'T0A 2P0', '555 858 571')

INSERT INTO PATIENT_INFO VALUES (/*Patient_ID,*/'Arteaga', 'Etel', 'Garrido', '1980-05-06', 'Pl. Virgen Blanca, 14', NULL, 'Les Franqueses del Vallès', NULL, '08520', '555 114 065')

INSERT INTO PHYS_INFO VALUES (/*Phys_ID,*/'Otero', '1882 Hummingbird Ct', 'Suite 5', 'Pittsburgh', '15220', '5558654251', 'Olivia', 'PA')

INSERT INTO PHYS_INFO VALUES (/*Phys_ID,*/'Timmons', '2142 Maryland Avenue','# 1682', 'Pittsburgh', '15846', '5558423751', 'John', 'PA')

INSERT INTO PHYS_INFO VALUES (/*Phys_ID,*/'Taylor', '297 Bloomfield Way', NULL, 'Wexford', '15116', '5558423751', 'Christine', 'PA')

INSERT INTO PHYS_INFO VALUES (/*Phys_ID,*/'Young', '1566 Ashwood Drive', NULL, 'Cranberry', '15222', '5556422153', 'Andrew', 'PA')

INSERT INTO PHYS_INFO VALUES (/*Phys_ID,*/'Espinoza', '3279 Christie Way', NULL, 'Westborough', '01581', '5558431267', 'George', 'MA')

/* Populating tables that have a Foreign keys.
Tables: INS_BRIDGE, PROC_INFO */

INSERT INTO INS_BRIDGE VALUES ('100000', '1000', '3215846921-32', '1007', '74618A-1692', NULL, NULL)

INSERT INTO INS_BRIDGE VALUES ('100001', '1012', '5884312-86', '1010', '74618A-1692', '1006', '321SDG-1432')

INSERT INTO INS_BRIDGE VALUES ('100002', '1000', '3212185343-77', '1008', '481DFH', NULL, NULL)

INSERT INTO INS_BRIDGE VALUES ('100003', '1007', 'U 1694852', NULL, NULL, NULL, NULL)

INSERT INTO INS_BRIDGE VALUES ('100004', '1004', '65482641-D', '1007', 'PA 1623482667', NULL, NULL)

INSERT INTO INS_BRIDGE VALUES ('100005', '1009', 'U 1354268165473', NULL, NULL, NULL, NULL)

INSERT INTO INS_BRIDGE VALUES ('100006', '1001', '245DFVV', '1009', 'U 123456789101', NULL, NULL)

INSERT INTO INS_BRIDGE VALUES ('100007', '1002', 'PA 1632 BRGR', '1011', 'H16-B3A6', NULL, NULL)

INSERT INTO INS_BRIDGE VALUES ('100008', '1010', 'EW-13-16-22-GG', NULL, NULL, NULL, NULL)

INSERT INTO INS_BRIDGE VALUES ('100009', '1007', '15248A-3211', NULL, NULL, NULL, NULL)

INSERT INTO INS_BRIDGE VALUES ('100010', '1004', '3456-328-1348', '1007', '13548D-8432', NULL, NULL)

INSERT INTO INS_BRIDGE VALUES ('100011', '1005', '48265-42887', '1009', 'U 124789512644', '1006', '384TFH-1844')

INSERT INTO INS_BRIDGE VALUES ('100012', '1003', '53485 3546', '1006', '482LYG-018', NULL, NULL)

INSERT INTO PROC_INFO VALUES ('100001', 'S06.890A', '2018-05-10', '100')

INSERT INTO PROC_INFO VALUES ('100001', 'S14.109A', '2018-05-10', '101')

INSERT INTO PROC_INFO VALUES ('100002', '4A1204Z', '2019-07-22', '102')

INSERT INTO PROC_INFO VALUES ('100002', '2W50X0Z', '2019-08-08', '103')

INSERT INTO PROC_INFO VALUES ('100002', 'HZ30ZZZ', '2020-02-14', '104')

INSERT INTO PROC_INFO VALUES ('100003', '0JH638Z', '2019-06-26', '100')

INSERT INTO PROC_INFO VALUES ('100003', 'Z12.11', '2020-01-29', '101')

INSERT INTO PROC_INFO VALUES ('100003', '2W50X0Z', '2020-03-10', '102')

INSERT INTO PROC_INFO VALUES ('100004', 'S06.890A', '2020-01-10', '103')

INSERT INTO PROC_INFO VALUES ('100004', 'HZ30ZZZ', '2020-02-01', '104')

INSERT INTO PROC_INFO VALUES ('100005', 'S14.109A', '2019-11-26', '100')

INSERT INTO PROC_INFO VALUES ('100006', '4A1204Z', '2019-11-21', '101')

INSERT INTO PROC_INFO VALUES ('100006', 'Z12.11', '2018-05-01', '102')

INSERT INTO PROC_INFO VALUES ('100006', 'S14.109A', '2019-07-06', '103')

INSERT INTO PROC_INFO VALUES ('100007', '2W50X0Z', '2018-12-02', '104')

INSERT INTO PROC_INFO VALUES ('100007', 'HZ30ZZZ', '2019-03-15', '100')

INSERT INTO PROC_INFO VALUES ('100008', 'S06.890A', '2019-07-06', '101')

INSERT INTO PROC_INFO VALUES ('100009', '0JH638Z', '2019-01-20', '102')

INSERT INTO PROC_INFO VALUES ('100010', 'S06.890A', '2019-01-20', '103')

INSERT INTO PROC_INFO VALUES ('100010', '0Z12.11', '2020-02-16', '104')

INSERT INTO PROC_INFO VALUES ('100010', '2W50X0Z', '2019-10-01', '100')

INSERT INTO PROC_INFO VALUES ('100011', 'S14.109A', '2019-07-13', '101')

INSERT INTO PROC_INFO VALUES ('100011', 'S06.890A', '2019-07-13', '102')

INSERT INTO PROC_INFO VALUES ('100012', '4A1204Z', '2018-07-19', '103')

INSERT INTO PROC_INFO VALUES ('100012', 'S06.890A', '2018-12-01', '104')

INSERT INTO PROC_INFO VALUES ('100012', '2W50X0Z', '2019-02-13', '100')

INSERT INTO PROC_INFO VALUES ('100012', 'Z12.11', '2019-04-08', '101')

INSERT INTO PROC_INFO VALUES ('100012', 'HZ30ZZZ', '2019-09-04', '102')

INSERT INTO PROC_INFO VALUES ('100012', '0JH638Z', '2020-04-22', '103')
